N;SEXO;EDAD;IMC;TIPO;DURATION;FBS;A1C;LDL;HDL;TG;TRAT;NEFRO;SYST;DIAST
1;Male;65;25;2;20;129;7.1;100;40;200;Oral;1;130;80
2;Male;42;27;2;3;210;8.9;125;38;151;Oral;0;140;90
3;Female;31;21;1;11;164;7.7;147;35;217;Ins;0;145;80
4;Male;70;32;2;29;208;9.3;119;36;168;Ins;1;160;100
5;Female;54;34;2;6;183;9.8;196;32;197;Oral;1;155;95
6;Female;46;29;2;7;198;8.9;141;29;239;Both;0;160;100
7;Female;16;24;1;1;250;9.9;185;31;148;Ins;0;135;80
8;Male;67;30;2;12;243;10;171;28;219;Ins;1;165;90
9;Female;51;28;2;7;163;9.4;186;40;298;Ins;0;130;85
10;Female;70;36;2;20;250;11.8;119;31;340;Ins;1;150;90
11;Female;63;35;2;14;203;9.3;161;40;280;Both;1;160;110
12;Male;44;39;2;3;149;7.4;139;35;169;Oral;0;140;90
13;Male;51;24;2;9;160;7.8;129;45;171;Oral;0;155;80
14;Male;27;19;1;5;170;8;146;37;178;Ins;0;140;90
15;Female;56;28;2;13;256;12;186;34;412;Oral;1;170;110
16;Male;68;29;2;19;310;13.3;199;30;510;Both;1;160;120
17;Female;43;33;2;3;180;9.3;158;41;279;Oral;0;135;80
18;Female;76;27;2;26;237;12.5;213;29;349;Ins;1;160;120
19;Male;61;34;2;17;158;7.6;111;39;150;Oral;1;140;80
20;Male;52;30;2;11;159;8;130;33;125;Both;1;160;100
21;Female;61;27;2;14;160;7.9;129;41;178;Oral;1;145;90
22;Female;69;31;2;22;280;11;167;30;186;Ins;1;160;100
23;Male;70;34;2;19;278;10.8;200;38;212;Ins;1;155;110
24;Female;49;30;2;3;154;8.1;99;40;152;Oral;0;130;70
25;Male;55;29;2;18;280;12.1;149;38;201;Oral;1;150;95
26;Female;38;20;1;11;98;7.3;112;40;131;Ins;0;130;89
27;Male;23;27;1;8;163;7.9;85;39;96;Ins;0;120;80
28;Male;57;33;2;11;187;8.5;156;40;215;Both;1;150;100
29;Female;46;31;2;10;260;8.3;169;32;198;Both;1;160;110
30;Female;49;29;2;3;134;7.8;110;38;163;Oral;0;155;95
31;Female;65;35;2;12;210;11;167;31;340;Oral;1;160;100
32;Male;41;26;2;8;195;9.1;150;35;180;Oral;0;140;90
33;Male;64;31;2;15;268;13.2;210;32;230;Both;1;160;110
34;Female;43;28;2;5;270;10.8;237;38;280;Oral;1;155;100
35;Female;58;30;2;13;177;8.4;208;41;196;Oral;1;165;110
36;Female;70;31;2;22;280;12.8;267;33;310;Oral;1;170;120
37;Male;68;34;2;15;218;11;231;40;297;Oral;1;165;95
38;Male;52;27;2;3;164;8;140;43;173;Ins;0;145;80
39;Female;45;32;2;5;146;7.9;163;37;200;Both;0;140;90
40;Male;38;29;1;11;154;7.4;131;43;119;Ins;0;130;80
41;Female;66;33;2;18;257;10.2;171;39;279;Oral;1;165;100
42;Male;58;30;2;13;234;11.8;165;31;216;Oral;1;150;90
43;Male;63;31;2;13;274;8.8;159;30;221;Both;1;165;85
44;Female;35;23;1;8;189;7.9;122;37;162;Ins;0;145;90
45;Male;69;33;2;20;216;10;139;28;319;Oral;1;155;80
46;Male;64;29;2;18;314;13;168;30;288;Oral;1;160;110
47;Female;51;32;2;7;215;11.5;170;37;203;Oral;1;165;110
48;Female;44;29;2;14;200;8.9;158;45;212;Both;1;160;100
49;Male;68;29;2;18;257;8.7;169;35;300;Oral;1;160;110
50;Female;50;27;2;9;241;10.8;167;34;287;Oral;1;150;90
51;Female;49;35;2;7;198;8.6;188;38;291;Oral;1;155;85
52;Male;37;31;2;2;131;9.9;161;30;419;Oral;1;140;80
53;Female;54;27;2;12;205;10;182;40;199;Both;1;160;100
54;Male;61;32;2;15;268;11.4;170;31;319;Oral;1;160;100
55;Male;39;30;2;0;145;8;131;40;210;Ins;0;120;80
56;Male;66;28;2;14;222;10.9;140;38;183;Both;1;155;95
57;Female;68;31;2;13;269;12.7;190;29;310;Oral;1;170;110
58;Male;43;27;2;10;143;8;130;46;141;Ins;1;150;80
59;Male;79;30;2;30;290;12.4;202;39;417;Oral;1;180;120
60;Female;47;33;2;7;274;11.9;160;36;213;Oral;1;160;110
61;Male;65;28;2;20;258;12.7;159;40;198;Ins;1;165;100
62;Male;33;23;1;5;119;6.5;121;48;117;Ins;0;120;70
63;Female;45;31;2;10;210;11.8;130;46;180;Oral;0;140;80
64;Female;79;38;2;17;258;133;169;31;277;Oral;1;170;120
65;Male;68;33;2;15;238;11.9;178;38;181;Oral;1;165;110
66;Female;46;25;2;5;169;7.8;123;40;138;Oral;0;140;85
67;Female;55;34;2;13;230;10.1;149;39;191;Both;1;160;110
68;Female;70;35;2;19;280;12.2;172;40;169;Oral;1;160;100
69;Female;36;28;2;2;249;13;199;38;349;Oral;1;160;90
70;Female;61;29;2;18;450;13;205;37;418;Oral;1;170;100
71;Female;54;29;2;12;236;9.7;50;28;105;Oral;0;120;80
72;Female;57;36;2;9;211;12.1;161;31;266;Oral;1;180;120
73;Female;59;28;2;10;198;10;139;40;189;Both;1;165;100
74;Female;39;26;2;2;270;13;160;34;363;Oral;1;160;90
75;Female;63;30;2;21;250;12.4;151;33;208;Both;1;150;90
76;Male;58;28;2;16;279;12.2;153;39;176;Ins;1;160;90
77;Female;52;33;2;9;245;11.8;131;43;149;Both;1;170;110
78;Male;19;18;1;0;510;13;69;47;83;Ins;0;110;60
79;Female;61;36;2;14;268;12.9;152;36;233;Both;1;165;100
80;Male;59;41;2;7;216;13.1;141;43;177;Oral;1;160;90
81;Female;43;33;2;4;189;9.6;128;48;151;Both;1;170;100
82;Female;39;28;2;3;140;7.8;100;41;138;Oral;0;130;80
83;Male;35;27;2;1;159;7.3;103;46;123;Oral;0;140;80
84;Female;41;30;2;7;149;8;110;42;139;Oral;0;140;90
85;Male;70;37;2;21;280;10.8;141;38;179;Both;1;165;100
86;Female;63;31;2;17;214;11.1;130;41;200;Ins;1;150;95
87;Female;48;30;2;4;198;9.7;144;40;217;Oral;1;150;90
88;Female;52;39;2;10;239;12.2;120;42;191;Oral;1;145;80
89;Male;66;31;2;10;213;11;138;36;162;Both;1;160;90
90;Female;49;30;2;8;199;10.5;143;33;181;Oral;0;140;90
91;Female;68;38;2;17;275;12.3;152;38;203;Both;1;160;110
92;Female;37;33;2;2;158;8.1;118;47;136;Both;0;140;90
93;Female;64;37;2;10;143;6.6;79;37;126;Oral;0;140;85
94;Male;61;33.7;2;2;130;7.83;39;40;165;Oral;0;110;70
95;Female;68;27.3;2;28;100;7.65;59;22;99;Ins;1;160;100
96;Female;59;35;2;10;154;7.1;71;52;105;Both;0;110;70
97;Female;73;19;2;3;283;8.44;107;37;357;Both;0;110;60
98;Female;45;30.5;2;23;300;9.17;39;26;281;Both;0;160;90
99;Male;56;27;2;10;171;7.8;58;30;236;Oral;0;110;70
100;Female;59;31;2;9;102;7.6;124;59;107;Both;0;120;80
101;Female;59;28;2;17;170;8.7;108;41;166;Oral;0;125;80
102;Female;50;31;2;14;164;7.53;144;62;137;Both;0;120;70
103;Male;78;23;2;5;160;8.25;76;41;97;Oral;1;120;80
104;Female;55;32;2;1;88;10.8;80;45;139;Oral;0;130;80
105;Female;61;34;2;15;149;9.65;67;42;160;Oral;1;130;90
106;Female;78;20;2;3;184;7.8;161;35;288;Oral;0;140;90
107;Female;53;28;2;15;150;7.14;65;37;143;Both;0;160;100
108;Female;44;26;2;8;155;9.26;131;42;104;Oral;0;120;80
109;Female;69;18.3;2;1;322;9.5;162;60;88;Oral;0;120;80
110;Female;59;20;2;20;91;8;107;29;128;Oral;0;105;60
111;Male;43;19;2;8;138;6.8;80;47;197;Both;1;130;80
112;Male;60;23.5;2;4;189;8.84;104;21;217;Oral;0;125;70
113;Female;44;34;2;4;177;7.5;111;44;83;Oral;0;115;80
114;Male;64;25;2;20;150;9.2;36;22;190;Ins;1;150;100
115;Female;39;25;2;4;212;8.2;118;41;197;Oral;1;110;70
116;Female;57;28;2;8;212;9.4;91;24;234;Ins;1;120;80
117;Female;50;30;2;13;287;12;55;35;211;Oral;0;150;100
118;Female;49;19.5;2;4;167;10.1;61;35;236;Oral;0;110;70
119;Male;60;31;2;0.2;80;9.8;75;25;346;Oral;0;130;90
120;Female;55;20;2;4;133;7.4;106;27;156;Oral;0;120;70
121;Female;61;34;2;2;172;7.88;69;32;128;Oral;0;120;80
122;Male;53;34;2;6;163;9.87;65;32;149;Oral;0;130;80
123;Female;54;22;2;7;277;10;108;38;107;Both;0;130;80
124;Male;33;18;2;1;340;13;128;47;74;Oral;0;120;75
125;Female;66;21.5;2;15;396;9;74;30;565;Ins;0;150;90
126;Male;64;25;2;3;165;9.9;98;29;186;Oral;1;120;80
127;Male;48;20;2;6;100;10.4;113;32;223;Both;0;110;80
128;Male;45;26;2;8;289;9.1;139;37;97;Both;0;110;70
129;Male;52;34.5;2;3;138;7.33;113;33;217;Oral;0;115;75
130;Female;56;22;2;3;156;7.16;80;43;179;Oral;0;130;90
131;Male;65;24;2;3;300;9.67;58;20;96;Ins;1;120;80
132;Male;56;33;2;5;213;8.74;107;34;756;Both;1;155;110
133;Male;48;31;2;2;159;7.45;141;39;197;Oral;0;120;80